recency,frequency,monetary,R_score,F_score,M_score,RFM_score,RFM_weighted_score,avg_order_value,customer_lifetime_days,avg_days_between_purchases,product_categories,payment_methods,avg_amount,amount_std,avg_quantity,cluster
81.24187725631768,11.149819494584838,2496.6139530685923,3.687725631768953,3.9296028880866434,4.023465703971119,11.640794223826715,3.8274368231046925,229.87451238568184,913.129963898917,92.34115634479639,4.436823104693141,2.9133574007220218,229.87451238568184,218.1493345748859,1.4092631327967193,0
296.0919282511211,3.7443946188340798,688.9264349775784,2.1659192825112106,1.6390134529148002,1.7286995515695072,5.533632286995515,1.9204035874439467,196.6812304345505,503.53139013452915,128.69170848458967,2.630044843049328,2.1121076233183858,196.6812304345505,132.931697042407,1.3457221154530572,1
