Model,R² Score,RMSE,MAE,CV R²,CV Std
Linear Regression,0.5654355498275496,412.22392710023934,286.6804965026195,0.5115803460785392,0.0408430412163104
Ridge Regression,0.5651605743043613,412.35432612913456,286.76506517510103,0.5121275720098346,0.041379957289818164
Random Forest,0.5246577552654681,431.1310530258174,279.2670960583333,0.4492975196345436,0.07070813720625081
Gradient Boosting,0.5094146148620255,437.98919981902475,278.5397930457946,0.3729395949144313,0.07630320632092184
