,recency,frequency,monetary
Cluster_0,245.64028776978415,2.640287769784171,562.44
Cluster_1,101.80542986425338,5.266968325791856,1410.9821719457016
