feature,importance
Feature_2,7807.242682579339
Feature_3,388.4204436873261
Feature_0,118.73366636068333
Feature_4,109.03420367599644
Feature_1,68.09531468783679
